BHEL,HYDERABAD
NFL,HYDERABAD
ICRISAT,HYDERABAD
Vidyut Soudha,HYDERABAD
assembly,HYDERABAD
secretariat,HYDERABAD
apcpdcl,guntur
apspdcl,guntur
tscpdcl,rangareddy
tsspdcl,rangareddy
tscpdcl,warangal
tsspdcl,warangal
parliament,delhi
assembly,delhi
assembly,ranchi
secretariat,ranchi
secretariat,guwahati
nabard,guwahati
nabard,cherrapunji
forestry,cherrapunji
forestry,selum
tncpdcl,selum
apcpdcl,vishakapatnam
apspdcl,vishakapatnam
apcpdcl,vijayanagaram
apspdcl,vijayanagaram
apcpdcl,srikakulam
apspdcl,srikakulam
apspdcl,vijayawada
apcpdcl,vijayawada
apspdcl,tirupati
apcpdcl,tirupati
apspdcl,proddatur
apcpdcl,proddatur
