OGS,HYDERABAD
SCTS,HYDERABAD
MPS,HYDERABAD
ncs,HYDERABAD
SCTS,guntur
ncs,guntur
scts,allahabad
ncs,allahabad
ncs,tirupati
scts,tirupati
scts,rangareddy
ncs,rangareddy
dps,guwahati
rgs,guwahati
scts,selum
ncs,selum
scts,vishakapatnam
ncs,vishakapatnam
SCTS,vijayawada
ncs,vijayawada
SCTS,vijayanagaram
ncs,vijayanagaram
SCTS,srikakulam
ncs,srikakulam
SCTS,ranchi
ncs,ranchi
SCTS,proddatur
rbs,proddatur
rbs,warangal
SCTS,warangal
dps,delhi
hps,delhi
dps,cherrapunji
rgs,cherrapunji
SCTS,godavari
ncs,godavari
SCTS,secunderabad
ncs,secunderabad
